{"max_len": 130, "n_mfcc": 40, "mean": [-559.5317544011294, 26.844774199274134, -6.414666397460892, 8.272919526549144, 0.4871764249031067, 4.360673392900909, -4.785235563503746, 0.201599045066527, -5.185454703414605, -3.381488961701956, -2.868846659298493, -1.2336230183461538, -0.7053144422035387, -1.6235862080499048, -1.8850855413557812, 0.3850060050531126, -0.8306749893231475, -0.27196039416510137, -0.7456488260606684, -0.7269846431254104, -0.6473672966910348, -0.3472489340242823, -0.052634413720012624, -0.0021211971070811326, -0.55620624557755, 0.42746368420951075, -0.273517472955534, 0.48967608768117815, 0.02446480900198002, 0.539522371825042, 0.29096826251754804, 0.7618153868687022, 0.3042708910606161, 0.7430602472355631, 0.6327204442431842, 0.6569572164128475, 0.5497574939902307, 0.6647501260610554, 0.38056339209420675, 0.5720741865663365], "std": [217.50497865314355, 50.9157475570257, 22.507757222482628, 21.115929198605006, 15.308055082680072, 14.070623658752382, 15.43337276045671, 10.142787573892004, 12.598858599546245, 10.339882262763068, 9.512565164110914, 7.8667379063923075, 7.609377609420839, 8.031293649289212, 8.304255045034575, 7.309318467080149, 7.689806124005304, 7.059633027563142, 7.129455418253261, 7.233090277387484, 6.999785889728073, 6.589233163153154, 6.628950782196368, 6.778129480892532, 6.871352041583898, 6.614774305574427, 6.579724523812828, 6.610385210048754, 6.671170840051655, 6.435747883942933, 6.190614351802504, 6.129048897964343, 6.040815663065035, 5.871286318462421, 5.76412240618445, 5.6981225184677315, 5.518392098890487, 5.312466601484633, 5.2614661878160325, 5.105174660899047], "classes": ["angry", "calm", "disgust", "fearful", "happy", "neutral", "sad", "surprised"]}